Man of Steel	8.1244813278	241	0
Man of Steel	8.28571428571	224	1
Man of Steel	8.17032967033	182	2
Godzilla	6.87591240876	137	2
Suicide Squad	6.6496350365	137	0
Godzilla	7.46323529412	136	0
Godzilla	7.23577235772	123	1
Iron Man 3	8.02608695652	115	-7
Iron Man 3	8.0347826087	115	1
Jurassic World	7.45794392523	107	1
Pacific Rim	8.07547169811	106	1
Suicide Squad	7.16981132075	106	1
Iron Man 3	8.0297029703	101	-6
Iron Man 3	8.1	100	-5
Deadpool	8.42708333333	96	2
Logan	8.68421052632	95	1
Iron Man 3	8.03157894737	95	2
Man of Steel	7.85106382979	94	3
Furious 7	7.96703296703	91	0
Fury	7.18681318681	91	15
Furious 7	7.76923076923	91	1
Star Trek Into Darkness	8.47252747253	91	2
Godzilla	7.60227272727	88	-1
The Wolverine	7.20689655172	87	1
The Wolverine	7.1724137931	87	2
Pacific Rim	8.11494252874	87	0
Logan	8.27906976744	86	2
Deadpool	8.44186046512	86	0
World War Z	7.43529411765	85	1
World War Z	7.60714285714	84	2
Jurassic World	7.53571428571	84	2
Deadpool	8.53571428571	84	1
Logan	8.77108433735	83	0
Iron Man 3	7.77777777778	81	0
Suicide Squad	7.0375	80	-1
Jurassic World	7.6582278481	79	0
Dunkirk	8.20512820513	78	6
Man of Steel	7.67948717949	78	6
Suicide Squad	6.61038961039	77	2
Spectre	7.44155844156	77	1
Star Trek Into Darkness	8.67532467532	77	3
Dunkirk	7.98684210526	76	7
Man of Steel	8.0	75	4
Spectre	7.13333333333	75	0
Man of Steel	8.18666666667	75	9
Oblivion	7.13513513514	74	-6
Fast & Furious 6	7.93055555556	72	1
Iron Man 3	8.35211267606	71	-8
Fast & Furious 6	8.0	71	0
Doctor Strange	8.0	71	0
Edge of Tomorrow	8.14285714286	70	1
Fast & Furious 6	8.25	68	2
Oblivion	7.35820895522	67	1
Iron Man 3	7.92537313433	67	-2
Logan	8.78787878788	66	-1
Man of Steel	7.64615384615	65	8
Man of Steel	8.07692307692	65	5
Dunkirk	8.83076923077	65	0
The Maze Runner	7.0	65	42
Man of Steel	8.078125	64	7
World War Z	7.359375	64	0
Iron Man 3	8.109375	64	3
Star Trek Into Darkness	8.60317460317	63	-5
Spectre	7.46031746032	63	2
Dawn of the Planet of the Apes	8.04761904762	63	1
The Amazing Spider-Man 2	7.42857142857	63	0
Star Trek Into Darkness	8.40322580645	62	-4
The Amazing Spider-Man 2	7.93548387097	62	1
Pacific Rim	7.87096774194	62	2
Iron Man 3	7.79032258065	62	-1
Jurassic World	7.86885245902	61	-1
Edge of Tomorrow	8.37704918033	61	2
Pacific Rim	7.90163934426	61	4
World War Z	7.2	60	9
Suicide Squad	7.0	60	3
Maleficent	7.66666666667	60	2
Dunkirk	8.3	60	8
Jurassic World	7.4406779661	59	3
Iron Man 3	7.72413793103	58	-4
Godzilla	6.87931034483	58	3
Pacific Rim	8.22413793103	58	3
Ant-Man	8.22807017544	57	0
Oblivion	7.15789473684	57	2
World War Z	7.0350877193	57	79
Star Trek Into Darkness	8.91071428571	56	1
Deadpool	8.58928571429	56	3
Oblivion	7.25	56	-5
Doctor Strange	7.6	55	1
The Fate of the Furious	7.0	54	0
The Fate of the Furious	7.42592592593	54	1
Fury	7.81481481481	54	7
Ant-Man	7.75925925926	54	2
The Wolverine	7.31481481481	54	3
Star Trek Into Darkness	8.62962962963	54	0
Dunkirk	8.75925925926	54	1
World War Z	7.01886792453	53	8
Deadpool	8.32692307692	52	8
World War Z	7.30769230769	52	6
World War Z	7.13461538462	52	78
Godzilla	7.03846153846	52	5
Guardians of the Galaxy	8.60784313725	51	8
American Sniper	7.29411764706	51	8
The Amazing Spider-Man 2	7.56862745098	51	2
Dawn of the Planet of the Apes	8.18	50	9
Deadpool	8.44	50	9
Furious 7	7.78	50	3
Guardians of the Galaxy	8.66	50	5
Man of Steel	7.42	50	10
Edge of Tomorrow	8.08163265306	49	0
The Wolverine	6.91836734694	49	5
Logan	8.16326530612	49	3
Man of Steel	7.95833333333	48	-1
Iron Man 3	7.33333333333	48	8
Godzilla	7.10416666667	48	4
Dunkirk	8.3829787234	47	9
Star Trek Into Darkness	8.31914893617	47	4
Oblivion	6.97872340426	47	-7
World War Z	7.40425531915	47	7
Dawn of the Planet of the Apes	8.31914893617	47	8
Jurassic World	7.66666666667	45	8
Ant-Man	7.88888888889	45	1
Maleficent	7.82222222222	45	1
Guardians of the Galaxy	8.54545454545	44	-1
American Sniper	7.81818181818	44	1
Doctor Strange	8.02272727273	44	3
American Sniper	7.45454545455	44	9
World War Z	7.31818181818	44	75
The Amazing Spider-Man 2	7.40909090909	44	-1
Jurassic World	7.60465116279	43	4
The Wolverine	7.3488372093	43	0
World War Z	7.53488372093	43	10
Guardians of the Galaxy Vol. 2	8.18604651163	43	0
Doctor Strange	8.11904761905	42	2
Star Trek Into Darkness	8.42857142857	42	-7
World War Z	7.80487804878	41	3
Dunkirk	8.63414634146	41	2
Oblivion	7.07317073171	41	-8
American Sniper	8.21951219512	41	2
Pacific Rim	7.53658536585	41	7
Non-Stop	7.31707317073	41	1
Riddick	7.125	40	1
Fast & Furious 6	7.9	40	3
San Andreas	6.45	40	1
Elysium	7.25	40	1
American Sniper	7.25	40	6
Guardians of the Galaxy	8.1	40	9
Furious 7	7.975	40	2
World War Z	7.4	40	5
Dawn of the Planet of the Apes	8.4	40	4
Deadpool	8.275	40	77
Guardians of the Galaxy Vol. 2	7.97435897436	39	1
Guardians of the Galaxy	8.5641025641	39	10
Iron Man 3	7.82051282051	39	5
Guardians of the Galaxy Vol. 2	8.12820512821	39	2
Dawn of the Planet of the Apes	8.53846153846	39	7
Elysium	7.15789473684	38	16
Pacific Rim	7.57894736842	38	8
Jurassic World	7.52631578947	38	5
Ant-Man	8.0	38	5
The Expendables 3	6.65789473684	38	2
Dawn of the Planet of the Apes	8.21052631579	38	6
Pacific Rim	7.28947368421	38	5
World War Z	7.47368421053	38	76
Dunkirk	8.39473684211	38	3
The Wolverine	7.15789473684	38	4
Fast & Furious 6	7.86842105263	38	-1
The Wolverine	7.05405405405	37	-1
Iron Man 3	7.32432432432	37	9
Fury	7.81081081081	37	8
Oblivion	6.94594594595	37	-2
Guardians of the Galaxy	8.13513513514	37	16
Guardians of the Galaxy	7.89189189189	37	14
The Amazing Spider-Man 2	7.7027027027	37	-14
Dawn of the Planet of the Apes	8.32432432432	37	10
Man of Steel	7.38888888889	36	12
Fast & Furious 6	7.80555555556	36	-2
Star Trek Beyond	7.22222222222	36	1
Dawn of the Planet of the Apes	8.61111111111	36	2
Logan	8.63888888889	36	5
World War Z	7.63888888889	36	74
Suicide Squad	7.02777777778	36	4
Deadpool	8.28571428571	35	-1
Jason Bourne	7.11428571429	35	0
Riddick	6.05714285714	35	0
Suicide Squad	6.62857142857	35	-2
Deadpool	8.54285714286	35	4
Furious 7	7.97142857143	35	-1
Deadpool	8.34285714286	35	6
Insurgent	7.17142857143	35	1
World War Z	7.02857142857	35	12
Sicario	7.37142857143	35	81
Non-Stop	7.37142857143	35	2
World War Z	7.02857142857	35	77
Edge of Tomorrow	7.82857142857	35	4
Man of Steel	6.97142857143	35	16
Dunkirk	8.0	35	11
Edge of Tomorrow	7.85294117647	34	3
Pacific Rim	7.61764705882	34	9
Pacific Rim	7.14705882353	34	6
Deadpool	8.20588235294	34	10
Suicide Squad	6.97058823529	34	5
Iron Man 3	7.52941176471	34	4
The Amazing Spider-Man 2	7.11764705882	34	9
Oblivion	7.67647058824	34	-3
Man of Steel	7.08823529412	34	128
Guardians of the Galaxy	9.0	34	0
Jason Bourne	7.0	34	1
American Sniper	7.44117647059	34	3
Suicide Squad	7.29411764706	34	7
Elysium	7.11764705882	34	23
Guardians of the Galaxy Vol. 2	7.88235294118	34	-1
Doctor Strange	8.47058823529	34	-1
Jurassic World	7.32352941176	34	9
Maleficent	7.9696969697	33	0
Guardians of the Galaxy Vol. 2	8.57575757576	33	-7
Terminator Genisys	6.93939393939	33	2
Deadpool	8.51515151515	33	5
Guardians of the Galaxy	8.33333333333	33	15
Iron Man 3	7.42424242424	33	6
The Equalizer	7.51515151515	33	2
World War Z	7.45454545455	33	13
Noah	6.12121212121	33	9
Furious 7	7.54545454545	33	8
Logan	8.21212121212	33	9
Noah	5.60606060606	33	2
Deadpool	8.36363636364	33	-2
After Earth	5.0	32	8
Deadpool	9.0	32	7
Iron Man 3	7.96875	32	7
Spectre	7.15625	32	3
San Andreas	7.09375	32	2
Dunkirk	7.625	32	5
American Sniper	7.46875	32	16
Teenage Mutant Ninja Turtles	7.15625	32	1
Godzilla	6.84375	32	8
Dunkirk	8.0	32	12
Star Trek Into Darkness	8.3125	32	-1
Godzilla	6.6875	32	6
Iron Man 3	7.96875	32	-3
Edge of Tomorrow	7.8125	32	-5
Furious 7	7.75	32	4
Fury	8.1935483871	31	6
Tomorrowland	7.06451612903	31	1
Terminator Genisys	6.8064516129	31	4
Olympus Has Fallen	7.96774193548	31	1
Ant-Man	7.32258064516	31	14
The Amazing Spider-Man 2	7.41935483871	31	6
The Fate of the Furious	6.90322580645	31	-1
Star Trek Into Darkness	8.25806451613	31	-6
Man of Steel	8.25806451613	31	15
Guardians of the Galaxy	8.41935483871	31	6
Suicide Squad	6.54838709677	31	9
Logan	8.67741935484	31	-2
Spectre	7.64516129032	31	-10
San Andreas	6.45161290323	31	0
Deadpool	7.87096774194	31	78
Oblivion	6.58064516129	31	-4
Fast & Furious 6	7.67741935484	31	4
Ant-Man	7.70967741935	31	13
Non-Stop	7.58064516129	31	0
Olympus Has Fallen	7.48387096774	31	2
Guardians of the Galaxy	8.16666666667	30	12
Riddick	6.33333333333	30	2
World War Z	7.6	30	16
London Has Fallen	6.03333333333	30	0
The Amazing Spider-Man 2	7.56666666667	30	-12
Guardians of the Galaxy	8.1	30	21
American Sniper	5.56666666667	30	7
Kick-Ass 2	7.8	30	0
Oblivion	7.06666666667	30	0
Spectre	7.36666666667	30	9
Ant-Man	7.43333333333	30	9
Guardians of the Galaxy	8.56666666667	30	4
Dawn of the Planet of the Apes	8.73333333333	30	0
Godzilla	7.23333333333	30	9
The Equalizer	7.9	30	1
Man of Steel	7.16666666667	30	11
RoboCop	7.13793103448	29	4
Fury	8.27586206897	29	9
RoboCop	7.1724137931	29	2
Terminator Genisys	7.58620689655	29	3
Guardians of the Galaxy	8.89655172414	29	7
Logan	8.10344827586	29	4
Elysium	7.1724137931	29	15
American Sniper	4.37931034483	29	4
Deadpool	8.0	29	75
Star Trek Into Darkness	8.44827586207	29	6
The Amazing Spider-Man 2	7.68965517241	29	-13
Kick-Ass 2	7.8275862069	29	2
The Wolverine	7.20689655172	29	8
World War Z	7.13793103448	29	80
Suicide Squad	6.96551724138	29	10
Sicario	7.96428571429	28	79
Doctor Strange	8.67857142857	28	-6
World War Z	7.14285714286	28	4
Dawn of the Planet of the Apes	7.78571428571	28	14
The Amazing Spider-Man 2	7.71428571429	28	-16
Logan	8.46428571429	28	7
Logan	8.85714285714	28	6
Doctor Strange	7.96428571429	28	-7
RoboCop	6.78571428571	28	3
Furious 7	8.64285714286	28	9
Fast & Furious 6	7.92857142857	28	6
Escape Plan	7.82142857143	28	0
World War Z	7.44444444444	27	85
The Amazing Spider-Man 2	8.25925925926	27	-2
Dunkirk	7.88888888889	27	10
The Equalizer	7.66666666667	27	0
Elysium	6.40740740741	27	22
Ghost in the Shell	6.7037037037	27	1
World War Z	7.37037037037	27	86
Noah	6.59259259259	27	1
Elysium	7.11111111111	27	12
Star Trek Beyond	7.74074074074	27	0
World War Z	7.0	27	11
Ant-Man	8.03703703704	27	3
The Expendables 3	7.14814814815	27	1
Edge of Tomorrow	8.18518518519	27	9
Fast & Furious 6	7.77777777778	27	5
Jurassic World	6.33333333333	27	7
Taken 3	5.92592592593	27	7
Iron Man 3	7.74074074074	27	16
Lone Survivor	8.55555555556	27	1
Furious 7	7.62962962963	27	6
Guardians of the Galaxy Vol. 2	7.51851851852	27	3
Guardians of the Galaxy Vol. 2	7.55555555556	27	99
Star Trek Into Darkness	8.51851851852	27	-2
Dawn of the Planet of the Apes	8.38461538462	26	12
Man of Steel	7.26923076923	26	124
Doctor Strange	7.88461538462	26	-5
Ant-Man	7.69230769231	26	4
Guardians of the Galaxy Vol. 2	8.0	26	-4
Chappie	7.46153846154	26	2
Taken 3	6.26923076923	26	16
Spectre	7.38461538462	26	-6
Star Trek Into Darkness	8.38461538462	26	5
Non-Stop	7.61538461538	26	92
The Amazing Spider-Man 2	7.5	26	7
Oblivion	7.34615384615	26	-1
The Fate of the Furious	7.23076923077	26	2
Guardians of the Galaxy	8.0	26	17
American Sniper	6.38461538462	26	5
Man of Steel	7.96153846154	26	22
Logan	8.46153846154	26	8
47 Ronin	7.19230769231	26	3
The Wolverine	6.34615384615	26	6
The Equalizer	8.73076923077	26	97
Doctor Strange	7.88461538462	26	9
Dunkirk	8.80769230769	26	-1
Sicario	7.56	25	80
World War Z	6.64	25	93
The Amazing Spider-Man 2	7.48	25	-10
Deadpool	8.48	25	79
World War Z	7.84	25	84
Furious 7	6.68	25	7
Man of Steel	7.64	25	13
Dawn of the Planet of the Apes	8.08	25	5
Inferno	7.2	25	-12
The Wolverine	7.4	25	7
Fast & Furious 6	7.52	25	9
Dawn of the Planet of the Apes	7.64	25	19
American Sniper	7.12	25	0
Fast & Furious 6	7.88	25	8
Olympus Has Fallen	6.72	25	100
22 Jump Street	7.88	25	4
Jason Bourne	7.32	25	2
Non-Stop	7.76	25	89
Fury	7.92	25	12
The Amazing Spider-Man 2	7.6	25	3
Man of Steel	7.08	25	14
Godzilla	7.24	25	10
Noah	5.44	25	100
Iron Man 3	8.04	25	10
Jurassic World	7.04166666667	24	12
Fantastic Four	4.66666666667	24	1
Dunkirk	7.79166666667	24	13
RoboCop	6.16666666667	24	-4
Ant-Man	7.375	24	16
Jurassic World	7.625	24	-2
Elysium	7.16666666667	24	19
Guardians of the Galaxy	8.625	24	1
Spectre	6.625	24	7
The Expendables 3	6.5	24	0
Non-Stop	7.20833333333	24	87
Deepwater Horizon	7.58333333333	24	0
Star Trek Into Darkness	8.20833333333	24	10
Elysium	7.20833333333	24	13
Terminator Genisys	7.04166666667	24	1
Elysium	7.20833333333	24	14
Edge of Tomorrow	7.83333333333	24	-6
Godzilla	5.70833333333	24	100
The Wolverine	6.20833333333	24	107
World War Z	7.45833333333	24	-1
Pacific Rim	7.375	24	10
American Sniper	6.58333333333	24	15
Oblivion	6.91666666667	24	3
Maleficent	7.66666666667	24	3
RoboCop	6.20833333333	24	-5
Guardians of the Galaxy Vol. 2	7.75	24	-5
The Amazing Spider-Man 2	7.66666666667	24	11
Guardians of the Galaxy	8.375	24	22
Need for Speed	7.66666666667	24	7
Kick-Ass 2	7.29166666667	24	1
Elysium	6.79166666667	24	2
Need for Speed	7.82608695652	23	1
Man of Steel	7.73913043478	23	17
Guardians of the Galaxy Vol. 2	8.17391304348	23	96
Deadpool	7.47826086957	23	44
World War Z	7.86956521739	23	14
World War Z	7.0	23	92
Edge of Tomorrow	8.17391304348	23	-1
Fury	8.30434782609	23	90
Man of Steel	6.86956521739	23	127
Need for Speed	7.39130434783	23	122
Oblivion	6.69565217391	23	100
Dawn of the Planet of the Apes	7.91304347826	23	17
Maleficent	7.52173913043	23	8
Olympus Has Fallen	7.04347826087	23	99
Chappie	6.65217391304	23	1
Deadpool	8.30434782609	23	42
Elysium	7.91304347826	23	0
The Fate of the Furious	7.69565217391	23	3
Star Trek Into Darkness	8.69565217391	23	7
Suicide Squad	6.65217391304	23	8
Tomorrowland	6.39130434783	23	0
Edge of Tomorrow	7.60869565217	23	99
Doctor Strange	7.47826086957	23	4
Noah	4.17391304348	23	7
Man of Steel	6.86956521739	23	126
Non-Stop	7.04347826087	23	-1
Jason Bourne	6.65217391304	23	3
Maleficent	6.90909090909	22	11
Furious 7	7.59090909091	22	5
Elysium	7.13636363636	22	9
Godzilla	7.77272727273	22	-2
Spectre	7.5	22	5
The Maze Runner	7.36363636364	22	0
Iron Man 3	7.72727272727	22	11
Star Trek Beyond	7.68181818182	22	2
White House Down	6.45454545455	22	107
Spectre	7.36363636364	22	-7
Jurassic World	7.5	22	6
Fantastic Four	5.31818181818	22	-1
Teenage Mutant Ninja Turtles	7.04545454545	22	2
Sicario	7.59090909091	22	94
The Wolverine	7.36363636364	22	12
Star Trek Into Darkness	8.5	22	17
Lone Survivor	7.27272727273	22	25
Maleficent	7.40909090909	22	5
Star Trek Into Darkness	8.18181818182	22	115
Riddick	6.5	22	-1
Fury	7.86363636364	22	14
Kick-Ass 2	7.72727272727	22	3
Guardians of the Galaxy Vol. 2	8.36363636364	22	-6
22 Jump Street	7.86363636364	22	2
Doctor Strange	8.13636363636	22	8
Need for Speed	8.22727272727	22	9
The Magnificent Seven	7.40909090909	22	1
Dawn of the Planet of the Apes	8.18181818182	22	15
Ant-Man	7.81818181818	22	8
Spectre	7.18181818182	22	-5
World War Z	7.90909090909	22	89
Now You See Me 2	7.0	22	75
Ant-Man	8.31818181818	22	6
Fantastic Four	4.81818181818	22	0
Dawn of the Planet of the Apes	8.0	22	16
Edge of Tomorrow	8.13636363636	22	8
London Has Fallen	6.54545454545	22	1
Suicide Squad	6.86363636364	22	6
Elysium	7.40909090909	22	3
The Equalizer	7.86363636364	22	4
Guardians of the Galaxy	7.90909090909	22	13
Pacific Rim	6.86363636364	22	86
The Lone Ranger	6.95454545455	22	3
Star Trek Into Darkness	8.5	22	-3
After Earth	5.04545454545	22	9
Dawn of the Planet of the Apes	7.18181818182	22	20
The Magnificent Seven	6.95238095238	21	0
Now You See Me 2	6.85714285714	21	71
Suicide Squad	6.42857142857	21	-3
Guardians of the Galaxy Vol. 2	8.0	21	5
American Sniper	7.2380952381	21	11
RoboCop	6.57142857143	21	11
American Sniper	6.66666666667	21	10
Edge of Tomorrow	7.71428571429	21	-2
Star Trek Beyond	7.66666666667	21	3
Doctor Strange	8.14285714286	21	105
Lone Survivor	7.95238095238	21	21
Edge of Tomorrow	8.09523809524	21	107
After Earth	5.80952380952	21	114
White House Down	6.85714285714	21	108
Inferno	6.2380952381	21	-13
Fury	7.71428571429	21	11
Oblivion	7.38095238095	21	99
Maleficent	7.04761904762	21	4
Deepwater Horizon	7.61904761905	21	1
Deadpool	7.90476190476	21	14
Elysium	7.33333333333	21	17
Star Trek Into Darkness	8.95238095238	21	8
Pain & Gain	6.33333333333	21	128
John Wick	7.33333333333	21	86
Dawn of the Planet of the Apes	8.38095238095	21	3
Edge of Tomorrow	8.19047619048	21	-7
Fury	8.38095238095	21	10
Dawn of the Planet of the Apes	8.47619047619	21	13
Riddick	7.04761904762	21	4
Jurassic World	7.47619047619	21	10
Kick-Ass 2	7.04761904762	21	-1
The Wolverine	7.47619047619	21	9
Ender's Game	7.33333333333	21	1
Dunkirk	8.0	21	14
Lucy	6.57142857143	21	15
Dunkirk	8.09523809524	21	16
Star Trek Into Darkness	8.2380952381	21	109
Edge of Tomorrow	8.09523809524	21	106
Taken 3	7.09523809524	21	1
Non-Stop	8.47619047619	21	90
The Lone Ranger	6.95238095238	21	2
The Amazing Spider-Man 2	7.2380952381	21	-15
22 Jump Street	7.85714285714	21	-2
Doctor Strange	8.0	21	-8
Maleficent	7.33333333333	21	-1
Non-Stop	7.0	21	4
Non-Stop	7.2	20	8
Need for Speed	6.8	20	6
Ender's Game	6.65	20	93
Jurassic World	7.2	20	11
Doctor Strange	7.65	20	106
Doctor Strange	8.0	20	104
Fast & Furious 6	7.95	20	13
The World's End	7.2	20	16
Pacific Rim	7.8	20	13
San Andreas	7.45	20	3
Spectre	7.4	20	6
Jason Bourne	7.35	20	4
Olympus Has Fallen	7.9	20	101
The Wolverine	7.1	20	11
The Accountant	8.05	20	14
Terminator Genisys	7.05	20	10
Ghost in the Shell	7.1	20	0
American Sniper	7.1	20	37
Deadpool	7.2	20	16
The Maze Runner	7.1	20	3
Suicide Squad	6.8	20	13
World War Z	7.4	20	23
Ant-Man	7.5	20	15
Man of Steel	7.1	20	18
Edge of Tomorrow	7.7	20	6
Guardians of the Galaxy	8.15	20	18
Fantastic Four	4.65	20	3
The Amazing Spider-Man 2	7.0	20	5
Logan	8.4	20	84
Star Trek Into Darkness	8.05	20	107
The Maze Runner	8.0	20	2
Fury	7.85	20	93
The Equalizer	7.55	20	3
Insurgent	6.45	20	9
Edge of Tomorrow	7.7	20	5
Taken 3	6.35	20	8
Maleficent	8.05	20	7
Ant-Man	8.05	20	10
Dunkirk	8.5	20	15
Non-Stop	7.0	20	93
Terminator Genisys	7.35	20	5
Ghost in the Shell	5.95	20	2
The Magnificent Seven	7.1	20	2
Pain & Gain	6.75	20	129
Godzilla	6.5	20	7
World War Z	7.85	20	81
Taken 3	6.05	20	2
The Amazing Spider-Man 2	6.5	20	4
Jason Bourne	7.36842105263	19	-1
Jurassic World	7.42105263158	19	17
Spy	7.68421052632	19	1
Need for Speed	7.15789473684	19	0
Fury	8.15789473684	19	92
Guardians of the Galaxy Vol. 2	8.15789473684	19	8
Ant-Man	7.78947368421	19	7
Star Trek Beyond	7.26315789474	19	8
Logan	7.94736842105	19	10
Guardians of the Galaxy	8.47368421053	19	20
Spectre	7.68421052632	19	-8
Pompeii	5.31578947368	19	72
Assassin's Creed	7.10526315789	19	8
The Expendables 3	6.15789473684	19	-1
Oblivion	6.78947368421	19	5
Fury	8.26315789474	19	1
Tomorrowland	7.31578947368	19	2
Spy	7.52631578947	19	2
RoboCop	6.78947368421	19	5
Star Trek Into Darkness	7.94736842105	19	112
The Amazing Spider-Man 2	7.36842105263	19	-11
Oblivion	7.05263157895	19	107
World War Z	7.05263157895	19	15
Fantastic Four	5.68421052632	19	2
Logan	9.26315789474	19	82
Godzilla	6.94736842105	19	12
Elysium	6.89473684211	19	20
Lucy	6.73684210526	19	36
Guardians of the Galaxy	8.63157894737	19	23
Iron Man 3	6.94736842105	19	22
The Accountant	7.10526315789	19	13
Star Trek Into Darkness	8.0	19	11
Jurassic World	7.26315789474	19	30
The Accountant	7.73684210526	19	15
Star Trek Into Darkness	8.0	19	24
Elysium	7.15789473684	19	26
Escape Plan	7.15789473684	19	2
The Lone Ranger	6.73684210526	19	38
Fury	8.15789473684	19	91
Insurgent	7.22222222222	18	0
San Andreas	7.11111111111	18	4
Logan	8.38888888889	18	15
Spectre	7.55555555556	18	4
Fury	8.05555555556	18	16
Maleficent	7.88888888889	18	6
Fast & Furious 6	7.61111111111	18	7
Warcraft: The Beginning	7.0	18	2
Oblivion	7.16666666667	18	7
Lucy	7.22222222222	18	14
Sicario	7.44444444444	18	86
Noah	5.5	18	101
Sicario	7.44444444444	18	92
Ant-Man	7.88888888889	18	17
The Amazing Spider-Man 2	7.88888888889	18	8
Ender's Game	7.72222222222	18	3
American Sniper	7.72222222222	18	30
Lucy	5.94444444444	18	29
The Amazing Spider-Man 2	7.33333333333	18	-8
Riddick	7.16666666667	18	3
Non-Stop	6.88888888889	18	88
Fast & Furious 6	8.38888888889	18	-6
The Magnificent Seven	7.55555555556	18	78
Lucy	6.72222222222	18	32
Guardians of the Galaxy Vol. 2	8.05555555556	18	98
Maleficent	7.0	18	10
Non-Stop	7.16666666667	18	91
Man of Steel	8.55555555556	18	19
Lone Survivor	8.77777777778	18	2
Fast & Furious 6	8.16666666667	18	-5
The Accountant	8.11111111111	18	73
Fury	7.77777777778	18	79
Logan	8.44444444444	18	83
Furious 7	8.33333333333	18	-2
Pacific Rim	7.66666666667	18	11
Lone Survivor	7.94444444444	18	23
After Earth	5.33333333333	18	113
Sicario	7.72222222222	18	93
Pacific Rim	7.0	18	85
Noah	6.22222222222	18	16
22 Jump Street	7.77777777778	18	1
2 Guns	6.77777777778	18	100
Elysium	7.27777777778	18	7
Dunkirk	8.55555555556	18	4
Fast & Furious 6	8.33333333333	18	-7
The Amazing Spider-Man 2	7.44444444444	18	-5
Kick-Ass 2	6.44444444444	18	16
Lone Survivor	8.11111111111	18	8
RoboCop	6.72222222222	18	6
Star Trek Into Darkness	8.44444444444	18	12
The World's End	7.27777777778	18	-35
Chappie	7.16666666667	18	0
47 Ronin	6.55555555556	18	4
The Equalizer	7.27777777778	18	14
RoboCop	7.22222222222	18	87
The Lone Ranger	7.38888888889	18	1
Edge of Tomorrow	7.66666666667	18	-3
Sicario	8.0	18	91
Dawn of the Planet of the Apes	8.33333333333	18	11
Fast & Furious 6	6.88888888889	18	12
Jurassic World	6.44444444444	18	16
Star Trek Into Darkness	8.16666666667	18	122
Noah	6.33333333333	18	12
Tomorrowland	6.94117647059	17	3
Guardians of the Galaxy Vol. 2	7.47058823529	17	100
Insurgent	7.52941176471	17	-1
The Maze Runner	7.76470588235	17	1
The Maze Runner	7.82352941176	17	15
Pain & Gain	7.05882352941	17	110
Noah	5.70588235294	17	8
Doctor Strange	8.05882352941	17	-4
Lucy	6.47058823529	17	35
Star Trek Into Darkness	8.17647058824	17	129
Elysium	6.70588235294	17	43
Warcraft: The Beginning	6.64705882353	17	-14
Kick-Ass 2	7.11764705882	17	14
The Man from U.N.C.L.E.	7.82352941176	17	7
Maleficent	7.41176470588	17	13
Pain & Gain	6.17647058824	17	124
Escape Plan	7.82352941176	17	1
Pacific Rim	7.29411764706	17	90
Deadpool	8.41176470588	17	76
Iron Man 3	7.58823529412	17	17
Godzilla	6.41176470588	17	11
Kick-Ass 2	7.76470588235	17	6
American Sniper	5.88235294118	17	17
Suicide Squad	5.88235294118	17	14
Ender's Game	7.23529411765	17	2
Run All Night	7.70588235294	17	0
Fury	8.0	17	13
Jurassic World	7.58823529412	17	29
Now You See Me 2	6.88235294118	17	72
The Lone Ranger	5.64705882353	17	101
Chappie	7.11764705882	17	72
Hercules	6.29411764706	17	2
Dawn of the Planet of the Apes	7.58823529412	17	28
Doctor Strange	7.88235294118	17	10
Deepwater Horizon	7.47058823529	17	-1
Need for Speed	7.0	17	123
Spy	8.05882352941	17	3
The Man from U.N.C.L.E.	8.05882352941	17	1
The Magnificent Seven	7.29411764706	17	76
Pain & Gain	6.64705882353	17	1
The Equalizer	7.82352941176	17	11
Non-Stop	7.88235294118	17	16
Kick-Ass 2	6.64705882353	17	22
Edge of Tomorrow	7.88235294118	17	127
Maleficent	6.70588235294	17	9
Lone Survivor	8.35294117647	17	22
Lucy	7.41176470588	17	31
Ghostbusters	6.64705882353	17	0
Escape Plan	6.41176470588	17	100
Pacific Rim	7.29411764706	17	14
London Has Fallen	7.0	17	-1
Noah	6.05882352941	17	15
Chappie	7.05882352941	17	4
John Wick	6.70588235294	17	92
Need for Speed	7.11764705882	17	2
Spectre	6.64705882353	17	8
Man of Steel	7.64705882353	17	23
RoboCop	6.82352941176	17	10
The Man from U.N.C.L.E.	7.17647058824	17	6
Sicario	7.94117647059	17	85
Taken 3	6.94117647059	17	6
Need for Speed	7.94117647059	17	10
Non-Stop	7.41176470588	17	5
Pacific Rim	7.88235294118	17	30
Oblivion	7.11764705882	17	98
Pacific Rim	6.875	16	94
The Amazing Spider-Man 2	7.5	16	-6
Need for Speed	7.25	16	124
Star Trek Into Darkness	8.4375	16	121
The Man from U.N.C.L.E.	8.0625	16	0
Ghostbusters	7.0	16	2
Suicide Squad	5.9375	16	119
Pacific Rim	7.25	16	29
The Fate of the Furious	7.375	16	7
Guardians of the Galaxy	7.5	16	28
Pacific Rim	7.875	16	16
American Sniper	6.6875	16	19
Central Intelligence	6.375	16	29
Now You See Me 2	6.6875	16	78
Fast & Furious 6	8.0	16	11
The Lone Ranger	6.625	16	94
Taken 3	6.0625	16	9
Jason Bourne	7.375	16	-2
Oblivion	7.0	16	6
The Heat	6.375	16	99
Dracula Untold	6.375	16	2
Noah	7.1875	16	0
Teenage Mutant Ninja Turtles	5.75	16	79
Hercules	7.25	16	1
Star Trek Into Darkness	8.1875	16	114
Deepwater Horizon	7.5625	16	91
Maleficent	7.5	16	15
Pacific Rim	7.6875	16	19
Oblivion	7.1875	16	96
The Wolverine	6.3125	16	108
Warcraft: The Beginning	6.875	16	-15
Guardians of the Galaxy	8.25	16	24
Jurassic World	7.5	16	13
San Andreas	6.125	16	5
22 Jump Street	7.6875	16	9
Assassin's Creed	6.25	16	17
Pacific Rim	6.625	16	93
Ant-Man	7.3125	16	134
Logan	8.0	16	16
Doctor Strange	7.8125	16	7
Power Rangers	6.5625	16	-1
Insurgent	6.4375	16	7
Star Trek Into Darkness	7.6875	16	108
Man of Steel	7.4375	16	21
Oblivion	7.625	16	9
Pacific Rim	7.0625	16	87
John Wick	6.1875	16	93
World War Z	7.3125	16	83
Assassin's Creed	6.75	16	15
Fast & Furious 6	7.3125	16	10
Lucy	7.3125	16	30
In the Heart of the Sea	7.1875	16	-5
After Earth	6.0625	16	10
Fantastic Four	3.93333333333	15	6
In the Heart of the Sea	6.86666666667	15	23
Non-Stop	7.73333333333	15	3
Kick-Ass 2	7.06666666667	15	23
Guardians of the Galaxy	8.06666666667	15	19
Dunkirk	7.66666666667	15	19
The Amazing Spider-Man 2	7.2	15	14
Edge of Tomorrow	8.2	15	16
Inferno	7.26666666667	15	-14
Star Trek Beyond	7.26666666667	15	7
Dawn of the Planet of the Apes	7.73333333333	15	121
Oblivion	6.6	15	134
Need for Speed	7.33333333333	15	121
Pacific Rim	7.4	15	12
Deadpool	8.26666666667	15	11
Deadpool	7.73333333333	15	15
World War Z	7.26666666667	15	22
Star Trek Into Darkness	7.46666666667	15	128
Pain & Gain	6.13333333333	15	135
Elysium	6.93333333333	15	30
Dawn of the Planet of the Apes	7.6	15	27
Lucy	6.73333333333	15	38
Fury	8.26666666667	15	78
Elysium	8.0	15	24
Fury	8.13333333333	15	5
Doctor Strange	8.33333333333	15	5
Iron Man 3	7.4	15	15
Maleficent	6.53333333333	15	-2
Elysium	7.13333333333	15	8
Star Trek Into Darkness	8.0	15	123
Jupiter Ascending	6.06666666667	15	2
Olympus Has Fallen	7.26666666667	15	98
Spectre	6.73333333333	15	-3
American Sniper	7.66666666667	15	20
Edge of Tomorrow	8.2	15	109
Warcraft: The Beginning	7.0	15	-13
Guardians of the Galaxy	9.06666666667	15	11
Fury	8.13333333333	15	94
Iron Man 3	7.53333333333	15	14
The Fate of the Furious	6.93333333333	15	8
Oblivion	6.93333333333	15	138
Guardians of the Galaxy	8.33333333333	15	29
Edge of Tomorrow	7.93333333333	15	120
Star Trek Into Darkness	7.86666666667	15	31
RoboCop	6.8	15	7
Man of Steel	6.6	15	132
Riddick	7.13333333333	15	9
Star Trek Into Darkness	8.6	15	9
The Lone Ranger	7.13333333333	15	4
Furious 7	7.93333333333	15	14
Deepwater Horizon	7.06666666667	15	2
Sicario	8.06666666667	15	87
Godzilla	6.6	15	103
Teenage Mutant Ninja Turtles	6.66666666667	15	65
2 Guns	7.8	15	2
World War Z	7.6	15	17
Fury	7.93333333333	15	22
White House Down	7.86666666667	15	1
Noah	5.86666666667	15	102
Oblivion	7.33333333333	15	10
Ghost in the Shell	6.73333333333	15	3
The Equalizer	7.73333333333	15	6
Fury	8.4	15	18
Deadpool	8.53333333333	15	50
The Fate of the Furious	6.86666666667	15	5
Lucy	6.2	15	16
San Andreas	6.93333333333	15	6
RoboCop	6.66666666667	15	-3
Star Trek Into Darkness	8.0	15	13
The Equalizer	7.2	15	86
Fury	7.33333333333	15	106
Logan	8.33333333333	15	11
Star Trek Into Darkness	6.8	15	106
American Sniper	7.06666666667	15	38
Hercules	6.6	15	5
American Sniper	6.73333333333	15	22
Elysium	6.8	15	98
22 Jump Street	8.06666666667	15	5
The Man from U.N.C.L.E.	7.33333333333	15	2
The Wolverine	7.13333333333	15	13
Edge of Tomorrow	8.2	15	10
Dawn of the Planet of the Apes	8.4	15	31
Man of Steel	7.73333333333	15	20
Suicide Squad	7.0	15	11
The Amazing Spider-Man 2	7.33333333333	15	-7
The Amazing Spider-Man 2	7.86666666667	15	-9
Terminator Genisys	6.8	15	0
Suicide Squad	7.26666666667	15	15
Ant-Man	6.86666666667	15	114
John Wick	7.2	15	90
The Fate of the Furious	7.53333333333	15	6
Teenage Mutant Ninja Turtles	7.06666666667	15	0
Spectre	5.66666666667	15	79
Assassin's Creed	6.0	15	12
Elysium	7.06666666667	15	6
Logan	8.57142857143	14	13
Ender's Game	6.07142857143	14	92
Elysium	7.28571428571	14	28
Deadpool	7.5	14	22
RoboCop	6.35714285714	14	1
The Wolverine	7.21428571429	14	106
Deadpool	8.28571428571	14	43
RoboCop	6.14285714286	14	0
Furious 7	7.14285714286	14	10
Non-Stop	7.57142857143	14	6
Pacific Rim	5.85714285714	14	92
Escape Plan	7.14285714286	14	3
John Wick	6.92857142857	14	95
Olympus Has Fallen	6.85714285714	14	149
Taken 3	7.35714285714	14	14
Ant-Man	8.21428571429	14	-1
Olympus Has Fallen	7.64285714286	14	7
Elysium	6.71428571429	14	99
Elysium	7.64285714286	14	29
Oblivion	7.35714285714	14	97
Deadpool	8.21428571429	14	13
Iron Man 3	9.21428571429	14	-9
Elysium	6.35714285714	14	149
The Equalizer	7.92857142857	14	15
London Has Fallen	6.28571428571	14	10
RoboCop	6.85714285714	14	88
Star Trek Beyond	7.92857142857	14	5
Lucy	5.85714285714	14	72
Guardians of the Galaxy Vol. 2	8.57142857143	14	-2
Fury	7.71428571429	14	96
American Sniper	6.5	14	14
Jason Bourne	7.21428571429	14	5
The Maze Runner	7.07142857143	14	21
White House Down	6.5	14	106
Elysium	7.21428571429	14	100
In the Heart of the Sea	7.71428571429	14	0
The Expendables 3	6.71428571429	14	9
The World's End	6.71428571429	14	-33
The Wolverine	6.64285714286	14	22
Kick-Ass 2	7.0	14	5
The Magnificent Seven	7.35714285714	14	8
Spectre	7.0	14	15
Elysium	6.78571428571	14	21
Dawn of the Planet of the Apes	7.57142857143	14	111
Ghostbusters	7.0	14	-1
Spy	7.78571428571	14	9
Elysium	7.21428571429	14	4
Chappie	7.14285714286	14	85
Pacific Rim	7.92857142857	14	15
Fantastic Four	4.35714285714	14	5
Deepwater Horizon	7.64285714286	14	90
World War Z	7.0	14	25
Lucy	6.28571428571	14	37
The Accountant	7.85714285714	14	2
Terminator Genisys	7.14285714286	14	7
Man of Steel	7.42857142857	14	125
Assassin's Creed	7.0	14	18
Elysium	7.07142857143	14	18
Pacific Rim	8.0	14	23
Spectre	8.21428571429	14	-9
Lucy	6.71428571429	14	74
22 Jump Street	7.92857142857	14	-5
San Andreas	7.14285714286	14	-1
Ant-Man	7.78571428571	14	190
John Wick	7.71428571429	14	9
Now You See Me 2	6.71428571429	14	29
2 Guns	7.78571428571	14	1
Warcraft: The Beginning	7.14285714286	14	-11
Pain & Gain	5.78571428571	14	109
The Lone Ranger	6.0	14	95
Tomorrowland	7.35714285714	14	5
Spectre	6.85714285714	14	11
Noah	6.28571428571	14	10
Star Trek Into Darkness	8.57142857143	14	16
Welcome to the Punch	6.0	14	800
47 Ronin	6.85714285714	14	8
San Andreas	6.85714285714	14	9
Lucy	7.28571428571	14	3
Gangster Squad	7.0	14	86
Man of Steel	7.14285714286	14	135
Olympus Has Fallen	6.64285714286	14	169
Lucy	6.5	14	22
Godzilla	5.78571428571	14	99
22 Jump Street	6.07142857143	14	113
Oblivion	6.92857142857	14	115
The Maze Runner	7.42857142857	14	7
Man of Steel	7.35714285714	14	30
Oblivion	6.42857142857	14	105
World War Z	7.64285714286	14	127
White House Down	7.57142857143	14	3
The Magnificent Seven	7.0	14	3
Edge of Tomorrow	7.85714285714	14	12
R.I.P.D.	5.92857142857	14	44
Deadpool	8.07142857143	14	85
Suicide Squad	6.78571428571	14	12
The Accountant	7.85714285714	14	22
Pain & Gain	6.35714285714	14	121
The World's End	8.35714285714	14	10
In the Heart of the Sea	7.35714285714	14	-7
Now You See Me 2	7.78571428571	14	73
Ender's Game	6.92857142857	14	8
Iron Man 3	8.0	14	12
Maleficent	7.21428571429	14	17
Ender's Game	7.5	14	5
The Legend of Tarzan	6.53846153846	13	8
The Equalizer	7.0	13	8
Pompeii	5.92307692308	13	70
Ant-Man	7.53846153846	13	23
The Maze Runner	8.07692307692	13	8
Jupiter Ascending	5.30769230769	13	0
Olympus Has Fallen	7.61538461538	13	27
Edge of Tomorrow	8.07692307692	13	-4
Now You See Me 2	7.30769230769	13	79
The Equalizer	7.69230769231	13	5
